[
  {
    "avatar": "https://s1.ax1x.com/2020/05/14/YD6wTI.png",
    "name": "GeminiPlanet",
    "introduction": "李四是大佬，李四是大佬，李四是大佬，李四是大佬，李四是大佬",
    "url": "https://geminiplanet.cn/"
  },
  {
    "avatar": "https://timemachine.icu/assets/241601814382_.pic_hd.jpg",
    "name": "Notes",
    "introduction": "我不是大佬，我不是大佬，我不是大佬，我不是大佬，我不是大佬",
    "url": "https://timemachine.icu/"
  },
  {
    "avatar": "https://placehold.it/100x100.jpg",
    "name": "王五",
    "introduction": "我是小白",
    "url": "https://liuyib.github.io/"
  }
]